인원수 포함 경비,여행국가,인원수,시작일,종료일,이미지 URL
3895000,방콕,5,20230307,20230312,https://image.hanatour.com/usr/cms/resize/400_0/2023/09/12/10000/c593d8b8-6952-4815-89e6-521de29b1531.jpg
4495000,파타야,5,20210818,20210823,https://image.hanatour.com/usr/cms/resize/400_0/2017/09/18/10000/15c60ac7-d0a3-46a7-8bbd-670e4642556e.jpg
1399000,아유타야,1,20220405,20220410,https://image.hanatour.com/usr/cms/resize/400_0/2019/04/01/10000/513c16a7-6bf4-49cf-bbd5-bf25e61eb2a1.jpg
1618000,파타야,2,20230502,20230507,https://image.hanatour.com/usr/cms/resize/400_0/2019/04/25/10000/710fe2fd-54b0-46d6-aae6-f5a8dcb4e30f.jpg
2727000,파타야,3,20230813,20230818,https://image.hanatour.com/usr/cms/resize/400_0/2022/06/29/10000/a56b67c5-2b35-43a0-94d2-1207d83876ba.jpg
4706400,보라카이,6,20211224,20211229,https://image.hanatour.com/usr/cms/resize/400_0/2022/05/31/10000/709a503e-5161-42a2-81a0-c555d19d9193.jpg
804400,보라카이,1,20211108,20211113,https://image.hanatour.com/usr/cms/resize/400_0/2019/06/14/10000/cab16f01-2169-4bea-bb3d-b46b149cb819.jpg
3463200,보라카이,3,20220322,20220327,https://image.hanatour.com/usr/cms/resize/400_0/2019/04/01/10000/712657fb-6d49-4c9c-954a-b9a778258ff2.jpg
1513200,보라카이,3,20211215,20211220,https://image.hanatour.com/usr/cms/resize/400_0/2023/12/08/10000/49dfbfd7-db3d-400c-bb81-71154fef9201.jpg
2377600,보라카이,4,20230701,20230706,https://image.hanatour.com/usr/cms/resize/400_0/2019/06/13/10000/d1a53311-0e59-48f7-9319-56609b564d9f.jpg
1857000,세부,3,20210704,20210708,https://image.hanatour.com/usr/cms/resize/400_0/2021/05/03/10000/1f838364-fff9-4512-a736-b1136a0f0e47.jpg
1678000,세부,2,20230713,20230718,https://image.hanatour.com/usr/cms/resize/400_0/2018/08/20/10000/33de41dd-9aca-4010-bd87-ce3bbd276518.jpg
3032000,세부,4,20211202,20211207,https://image.hanatour.com/usr/cms/resize/400_0/2019/09/26/10000/1c2296ea-2ce8-4c5d-b6f0-b5d93842756d.jpg
3596000,세부,4,20230114,20230119,https://image.hanatour.com/usr/cms/resize/400_0/2017/07/17/10000/c26b2469-2100-45d3-a952-a46f6c888bfe.jpg
2518000,세부,2,20210220,20210225,https://image.hanatour.com/usr/cms/resize/400_0/2022/12/23/10000/1f8fe782-906b-4f78-b729-59e782b7802d.jpg
2251200,마닐라,3,20220724,20220729,https://image.hanatour.com/usr/cms/resize/400_0/2016/11/04/10000/ba132e38-0abe-413c-a045-3e8832e35745.jpg
4267800,마닐라,6,20220719,20220723,https://image.hanatour.com/usr/cms/resize/400_0/2017/07/19/10000/6d6085ea-01ce-4d8e-9bc4-4406fd49685a.jpg
4625600,마닐라,4,20230127,20230201,https://image.hanatour.com/usr/cms/resize/400_0/2014/02/06/10000/56657789-80fe-4367-b836-f9bd4bb91936.jpg
740400,마닐라,1,20210919,20210924,https://image.hanatour.com/usr/cms/resize/400_0/2017/03/23/10000/b4ec8171-ab85-46bd-9ee8-e581326e3c87.jpg
3200000,마닐라,5,20220806,20220810,https://image.hanatour.com/usr/cms/resize/400_0/2016/11/04/10000/ba132e38-0abe-413c-a045-3e8832e35745.jpg
7109500,호이안,5,20220521,20220526,https://image.hanatour.com/usr/cms/resize/400_0/2019/01/21/10000/1bca4609-276b-4ad8-92ef-9c40d99b0e69.jpg
5436000,다낭,4,20221018,20221023,https://image.hanatour.com/usr/cms/resize/400_0/2019/10/11/10000/386354d4-05df-4094-9c37-ae8ea26cbef8.jpg
4624800,호이안,6,20230614,20230619,https://image.hanatour.com/usr/cms/resize/400_0/2023/01/12/10000/5dda58cb-40f4-4d66-82a0-089d346040b8.jpg
881900,호이안,1,20230811,20230816,https://image.hanatour.com/usr/cms/resize/400_0/2019/01/18/10000/98f6f467-f402-4219-abff-179e2fced0d8.jpg
4386000,호이안,6,20210820,20210825,https://image.hanatour.com/usr/cms/resize/400_0/2023/01/06/10000/ece92271-f708-40cd-81d4-9b8908fa9017.jpg
4834000,사파,5,20230423,20230428,https://image.hanatour.com/usr/cms/resize/400_0/2021/09/29/10000/6d82c719-bef8-4921-8056-63c69359a8e4.jpg
799900,사파,1,20220604,20220609,https://image.hanatour.com/usr/cms/resize/400_0/2021/09/29/10000/6d82c719-bef8-4921-8056-63c69359a8e4.jpg
919900,사파,1,20220116,20220121,https://image.hanatour.com/usr/cms/resize/400_0/2021/09/03/10000/5b8bc77f-3b35-4942-9c1c-7118437db985.jpg
1319900,사파,1,20230106,20230111,https://image.hanatour.com/usr/cms/resize/400_0/2023/06/15/10000/52d1b2dd-eede-4e1b-9bb7-d6d1202a3336.jpg
9540000,사파,6,20210801,20210806,https://image.hanatour.com/usr/cms/resize/400_0/2024/03/19/10000/db9409f6-b49c-45a2-bcd5-be89bb5f8933.png
2574000,코타키나발루,6,20221108,20221113,https://image.hanatour.com/usr/cms/resize/400_0/2005/08/09/10000/9b4954b2-f199-4858-a68b-f4ab26509637.jpg
745600,코타키나발루,1,20210809,20210814,https://image.hanatour.com/usr/cms/resize/400_0/2021/12/10/10000/ba44a5b0-d708-41a6-9024-e12fa5924171.jpg
2151300,코타키나발루,3,20210524,20210529,https://image.hanatour.com/usr/cms/resize/400_0/2018/07/24/10000/d1d96289-51af-423d-b23e-ca05fc2efad0.jpg
1774200,코타키나발루,2,20210612,20210617,https://image.hanatour.com/usr/cms/resize/400_0/2019/10/09/10000/852248a3-4ea8-4ea2-a73e-dfc5ed751cfc.jpg
2497600,코타키나발루,4,20220319,20220324,https://image.hanatour.com/usr/cms/resize/400_0/2021/04/26/10000/307eeda5-89ca-4a84-acf7-bbb5381730ce.jpg
1460000,발리,1,20210323,20210328,https://image.hanatour.com/usr/cms/resize/400_0/2022/02/17/10000/b8581db2-6f49-48cd-a7b1-23cdcf6038f6.jpg
8450000,발리,5,20210304,20210310,https://image.hanatour.com/usr/cms/resize/400_0/2018/03/25/10000/cc130736-34a9-4f5c-8c29-aaa743dbf8eb.jpg
3807000,타이베이,3,20210218,20210222,https://image.hanatour.com/usr/cms/resize/400_0/2014/03/07/10000/b3c42ae1-802b-4ca2-8215-c6f5cd01b3f0.jpg
1929900,타이베이,3,20210101,20210104,https://image.hanatour.com/usr/cms/resize/400_0/2021/12/23/10000/9683a093-8f00-46b8-a8a7-9293e0821646.jpg
5005200,타이베이,6,20230502,20230506,https://image.hanatour.com/usr/cms/resize/400_0/2019/09/03/10000/572f1d28-5dde-494c-ac65-b86989e95f49.jpg
3679800,타이베이,6,20210502,20210505,https://image.hanatour.com/usr/cms/resize/400_0/2024/03/06/10000/2e77df41-f84c-4d0f-9565-590cb8da8bbf.JPG
3013200,타이베이,4,20230701,20230704,https://image.hanatour.com/usr/cms/resize/400_0/2023/01/02/10000/734f99b1-1f60-4ea5-951a-055d8a222695.jpg
2246900,델리,1,20220609,20220618,https://image.hanatour.com/usr/cms/resize/400_0/2022/01/03/10000/6db7a494-e4a2-4dd1-b004-7134adf93f06.jpg
8240700,델리,3,20210504,20210513,https://image.hanatour.com/usr/cms/resize/400_0/2022/01/21/10000/f40c23c9-a596-488e-a945-83c1075d3716.jpg
6740700,델리,3,20231219,20231226,https://image.hanatour.com/usr/cms/resize/400_0/2011/09/16/10000/60251f78-7752-4ae2-baf7-b8b04ac2388c.jpg
5388000,델리,3,20210426,20210503,https://image.hanatour.com/usr/cms/resize/400_0/2011/09/08/10000/ba7bca1e-83e7-4db4-8d78-bb600e4ef3e0.jpg
11384400,델리,4,20220110,20220119,https://image.hanatour.com/usr/cms/resize/400_0/2024/03/18/10000/8094e238-2151-4932-9655-df77fbd3525c.jpg
14657400,콜롬보,6,20211025,20211102,https://image.hanatour.com/usr/cms/resize/400_0/2018/07/27/10000/11f9df14-3e1a-47c4-809e-5f318f3354d4.jpg
7499400,도쿄,6,20210303,20210306,https://image.hanatour.com/usr/cms/resize/400_0/2023/12/27/10000/12cd135a-c193-488f-9107-011fc8d625be.jpg
1719600,도쿄,4,20220706,20220710,https://image.hanatour.com/usr/cms/resize/400_0/2023/03/22/10000/7fadab9c-8cf2-4c88-bf50-70191dcfc636.jpg
1599800,야마나시,2,20230806,20230809,https://image.hanatour.com/usr/cms/resize/400_0/2021/09/01/10000/1db600f9-a998-4bf1-902d-8aed33fa0065.jpg
2299800,하코네,2,20220601,20220605,https://image.hanatour.com/usr/cms/resize/400_0/2023/07/31/10000/70704684-e1ac-4b02-918f-aa7bf8a43166.png
4615600,도쿄,4,20230403,20230407,https://image.hanatour.com/usr/cms/resize/400_0/2021/07/26/10000/602eaac3-4c99-4bec-b783-9b0445a5b222.png
7919400,교토,6,20221022,20221025,https://image.hanatour.com/usr/cms/resize/400_0/2019/07/08/10000/7ae0a619-e4d2-4483-a4f1-4c295df6cae3.jpg
2399700,오사카,3,20220704,20220707,https://image.hanatour.com/usr/cms/resize/400_0/2021/12/27/10000/56c6171c-0b9d-42c4-8430-263fb6b43056.jpg
3779700,오사카,3,20211118,20211122,https://image.hanatour.com/usr/cms/resize/400_0/2023/01/06/10000/44a3dbd3-0f2b-455b-a081-1c0f615fe5cb.jpg
5199600,고베,4,20220526,20220529,https://image.hanatour.com/usr/cms/resize/400_0/2016/10/19/10000/4d429a9f-47c5-4a55-b5a4-30b06a194f3f.jpg
1999600,오사카,4,20221026,20221029,https://image.hanatour.com/usr/cms/resize/400_0/2019/05/27/10000/7db434ec-7b3a-40a7-9823-709e21ba1dae.jpeg
2519800,오사카,2,20210301,20210305,https://image.hanatour.com/usr/cms/resize/400_0/2023/01/06/10000/44a3dbd3-0f2b-455b-a081-1c0f615fe5cb.jpg
6599500,교토,5,20231222,20231225,https://image.hanatour.com/usr/cms/resize/400_0/2019/07/08/10000/7ae0a619-e4d2-4483-a4f1-4c295df6cae3.jpg
1299900,고베,1,20230811,20230814,https://image.hanatour.com/usr/cms/resize/400_0/2016/10/19/10000/4d429a9f-47c5-4a55-b5a4-30b06a194f3f.jpg
4799400,오사카,6,20210716,20210719,https://image.hanatour.com/usr/cms/resize/400_0/2021/12/27/10000/56c6171c-0b9d-42c4-8430-263fb6b43056.jpg
5899500,교토,5,20220411,20220415,https://image.hanatour.com/usr/cms/resize/400_0/2023/01/06/10000/44a3dbd3-0f2b-455b-a081-1c0f615fe5cb.jpg
597000,후쿠오카,3,20211121,20211124,https://image.hanatour.com/usr/cms/resize/400_0/2012/09/05/10000/75411c4a-136d-4606-91e9-1d376543513b.jpg
859900,후쿠오카,1,20210612,20210615,https://image.hanatour.com/usr/cms/resize/400_0/2019/06/25/10000/cf716226-428e-42fb-bee3-0287c7c053da.jpeg
6299500,다자이후,5,20231126,20231130,https://image.hanatour.com/usr/cms/resize/400_0/2023/04/06/10000/49738def-cc04-494b-a597-d86128ef9a38.jpg
2339400,후쿠오카,6,20210105,20210108,https://image.hanatour.com/usr/cms/resize/400_0/2019/06/19/10000/4bab353d-aee3-4502-8e05-1b814d8aa713.jpg
5349500,다자이후,5,20210625,20210629,https://image.hanatour.com/usr/cms/resize/400_0/2019/07/05/10000/ace183da-61e0-4de1-b167-8c797d902281.jpg
1199800,아사쿠라,2,20230618,20230621,https://image.hanatour.com/usr/cms/resize/400_0/2019/07/04/10000/b26559d8-44a3-44e6-8bfa-11fc63197dee.jpg
1199800,아사쿠라,2,20230612,20230615,https://image.hanatour.com/usr/cms/resize/400_0/2019/07/04/10000/24b3b533-c544-4c51-adc5-8e0363038ac3.jpg
3999500,다케오,5,20220512,20220516,https://image.hanatour.com/usr/cms/resize/400_0/2019/07/05/10000/ace183da-61e0-4de1-b167-8c797d902281.jpg
3830400,사가,4,20231011,20231014,https://image.hanatour.com/usr/cms/resize/400_0/2024/01/26/10000/da3b8520-5729-4ef8-870b-2f531bf105f8.png
5833200,사가,3,20210612,20210616,https://image.hanatour.com/usr/cms/resize/400_0/2022/12/12/10000/3726f507-cff8-4d9f-ae25-b5e06b2d4d6f.jpg
1999800,다자이후,2,20210516,20210519,https://image.hanatour.com/usr/cms/resize/400_0/2019/07/04/10000/b26559d8-44a3-44e6-8bfa-11fc63197dee.jpg
2377400,다자이후,2,20231005,20231009,https://image.hanatour.com/usr/cms/resize/400_0/2019/07/05/10000/ace183da-61e0-4de1-b167-8c797d902281.jpg
1363000,아소,1,20210817,20210821,https://image.hanatour.com/usr/cms/resize/400_0/2019/07/04/10000/a895c128-729e-448b-a9f2-ba66e6ce3503.jpg
5999500,구마모토,5,20220206,20220210,https://image.hanatour.com/usr/cms/resize/400_0/2022/03/30/10000/f12cb66c-9238-4f96-9146-1d581bbf5393.jpg
5819400,다자이후,6,20231105,20231109,https://image.hanatour.com/usr/cms/resize/400_0/2018/06/26/10000/f081badf-387f-4c0c-82aa-0d9a510e1b43.jpg
399000,삿포로,1,20210718,20210722,https://image.hanatour.com/usr/cms/resize/400_0/2024/02/20/10000/5eef1131-5028-4b7e-9080-045546ecfd38.jpg
2398000,노보리베쓰,2,20220316,20220320,https://image.hanatour.com/usr/cms/resize/400_0/2024/02/20/10000/5eef1131-5028-4b7e-9080-045546ecfd38.jpg
1589700,삿포로,3,20230309,20230312,https://image.hanatour.com/usr/cms/resize/400_0/2022/06/03/10000/37f504b8-9f78-40e4-9c6d-232655b95c24.jpg
3599600,삿포로,4,20211205,20211209,https://image.hanatour.com/usr/cms/resize/400_0/2022/06/03/10000/37f504b8-9f78-40e4-9c6d-232655b95c24.jpg
3996000,삿포로,4,20210905,20210909,https://image.hanatour.com/usr/cms/resize/400_0/2021/12/07/10000/37e9dc7c-24d3-4892-9a04-c7f44b366b0c.jpg
5701800,노보리베쓰,6,20220408,20220412,https://image.hanatour.com/usr/cms/resize/400_0/2023/04/07/10000/3610e874-319c-4094-8529-7cdc9d5b8119.jpg
1959800,삿포로,2,20210827,20210831,https://image.hanatour.com/usr/cms/resize/400_0/2022/05/04/10000/ef24c820-9575-49a7-9036-07f494ebdabc.jpg
4245000,노보리베쓰,5,20210809,20210813,https://image.hanatour.com/usr/cms/resize/400_0/2023/08/23/10000/81208acb-dffd-4e03-9c6b-af02125a1cdf.jpg
6399500,마츠야마,5,20210101,20210104,https://image.hanatour.com/usr/cms/resize/400_0/2023/10/10/10000/016e1dce-0a52-42fd-b01b-0b667abe7cd6.jpg
5599600,마츠야마,4,20210725,20210729,https://image.hanatour.com/usr/cms/resize/400_0/2023/10/12/10000/dc7e5bff-57ec-40be-b3fd-8578deaefdde.jpg
5439600,이마바리,4,20211214,20211217,https://image.hanatour.com/usr/cms/resize/400_0/2007/10/02/10000/3ff23f46-f81e-493b-a4d2-d36f7c032027.jpg
6227400,마츠야마,6,20231022,20231026,https://image.hanatour.com/usr/cms/resize/400_0/2015/02/02/10000/e608f4f7-342f-408a-bfa0-62d9e95b06da.jpg
4590000,스윈던,1,20210703,20210713,https://image.hanatour.com/usr/cms/resize/400_0/2019/11/19/10000/53f77b33-c651-4870-aac7-a64429230dea.jpg
35340000,로마,6,20211118,20211127,https://image.hanatour.com/usr/cms/resize/400_0/2019/04/17/10000/2f8226d8-860d-4140-9c46-ec7bcce7e840.jpg
27476000,옥스포드,4,20220212,20220224,https://image.hanatour.com/usr/cms/resize/400_0/2020/02/12/10000/54cbc24c-7862-469f-8cb2-5d008c18150c.jpg
14988000,옥스포드,3,20210726,20210804,https://image.hanatour.com/usr/cms/resize/400_0/2019/11/19/10000/53f77b33-c651-4870-aac7-a64429230dea.jpg
9798000,아비뇽,2,20231207,20231219,https://image.hanatour.com/usr/cms/resize/400_0/2021/05/21/10000/d2a25a49-0b2f-4c04-8fde-433824b02c3d.jpg
14995000,나폴리,5,20220103,20220112,https://image.hanatour.com/usr/cms/resize/400_0/2019/03/29/10000/fec1d4ef-ec63-4204-bd5e-d5c7fcd07939.jpg
30445000,슈투트가르트,5,20220403,20220412,https://image.hanatour.com/usr/cms/resize/400_0/2017/07/13/10000/bd0d5547-0cfa-4dd7-b775-4bb04e225ce5.jpg
13977000,슈투트가르트,3,20220221,20220302,https://image.hanatour.com/usr/cms/resize/400_0/2020/09/22/10000/b6b25474-4854-4941-a3e8-c41d6fb888e5.jpg
24636000,몬테풀치아노,4,20221120,20221130,https://image.hanatour.com/usr/cms/resize/400_0/2022/11/11/20000/c14cfe43-5ddb-4a75-ac4b-4e47a8845a57.jpg
35340000,로마,6,20230320,20230329,https://image.hanatour.com/usr/cms/resize/400_0/2019/04/17/10000/2f8226d8-860d-4140-9c46-ec7bcce7e840.jpg
36954000,몬테풀치아노,6,20210716,20210726,https://image.hanatour.com/usr/cms/resize/400_0/2022/11/11/20000/c14cfe43-5ddb-4a75-ac4b-4e47a8845a57.jpg
18034000,베르사유,5,20210620,20210629,https://image.hanatour.com/usr/cms/resize/400_0/2020/02/13/10000/f5a58cb3-0659-45df-89d6-3a6c19b3a6cd.jpg
29450000,로마,5,20220510,20220519,https://image.hanatour.com/usr/cms/resize/400_0/2019/04/17/10000/2f8226d8-860d-4140-9c46-ec7bcce7e840.jpg
20607000,옥스포드,3,20211016,20211028,https://image.hanatour.com/usr/cms/resize/400_0/2020/02/12/10000/54cbc24c-7862-469f-8cb2-5d008c18150c.jpg
29845000,에즈,5,20210907,20210916,https://image.hanatour.com/usr/cms/resize/400_0/2017/03/24/10000/8106ab23-091b-4a09-84ce-db8719d8168e.jpg
11996000,나폴리,4,20230627,20230706,https://image.hanatour.com/usr/cms/resize/400_0/2019/03/29/10000/fec1d4ef-ec63-4204-bd5e-d5c7fcd07939.jpg
18760000,베로나,4,20210313,20210322,https://image.hanatour.com/usr/cms/resize/400_0/2019/03/05/10000/43ce99a0-0893-4999-a576-d59bfd7c1a13.jpg
4598000,베네치아,2,20211208,20211216,https://image.hanatour.com/usr/cms/resize/400_0/2019/05/17/10000/14eaba4e-09a5-44a0-b441-d5118324bd30.jpg
6159000,몬테풀치아노,1,20230511,20230521,https://image.hanatour.com/usr/cms/resize/400_0/2022/11/11/20000/c14cfe43-5ddb-4a75-ac4b-4e47a8845a57.jpg
11780000,로마,2,20230315,20230324,https://image.hanatour.com/usr/cms/resize/400_0/2019/04/17/10000/2f8226d8-860d-4140-9c46-ec7bcce7e840.jpg
5299000,로텐부르크,1,20230726,20230804,https://image.hanatour.com/usr/cms/resize/400_0/2017/12/07/10000/7f774a32-ba28-4ed0-8fb8-9cd75cbabe41.jpg
34345000,옥스포드,5,20220928,20221010,https://image.hanatour.com/usr/cms/resize/400_0/2020/02/12/10000/54cbc24c-7862-469f-8cb2-5d008c18150c.jpg
24414000,쾰른,6,20230603,20230612,https://image.hanatour.com/usr/cms/resize/400_0/2019/05/03/10000/1134b23c-c627-41e7-b7fd-b342a8369ad7.jpg
21995000,로텐부르크,5,20221219,20221228,https://image.hanatour.com/usr/cms/resize/400_0/2012/07/03/10000/51937f78-2708-4dfe-912c-1b7be9788416.jpg
8787000,호놀룰루,3,20230427,20230503,https://image.hanatour.com/usr/cms/resize/400_0/2015/03/26/10000/ce0095c3-603b-4fd4-bffc-f90a5087a60f.jpg
2807100,달랏,3,20211022,20211027,https://image.hanatour.com/usr/cms/resize/400_0/2023/08/30/10000/4679e1b3-2db2-4806-867b-76d4128dd896.jpg
4424400,코타키나발루,6,20220324,20220329,https://image.hanatour.com/usr/cms/resize/400_0/2018/12/27/10000/12031e7d-8875-40de-a71d-c4832337fb32.jpg
27540000,스윈던,6,20230424,20230504,https://image.hanatour.com/usr/cms/resize/400_0/2019/11/19/10000/53f77b33-c651-4870-aac7-a64429230dea.jpg
858000,코타키나발루,2,20230921,20230926,https://image.hanatour.com/usr/cms/resize/400_0/2005/08/09/10000/9b4954b2-f199-4858-a68b-f4ab26509637.jpg
12297000,빈,3,20230910,20230919,https://image.hanatour.com/usr/cms/resize/400_0/2017/12/14/10000/0abf356b-6c3d-4023-a4c8-af6140283f40.jpg
7898000,자그레브,2,20221224,20230102,https://image.hanatour.com/usr/cms/resize/400_0/2021/08/05/10000/eb56418b-812b-4f9d-afb2-ca1e56c75537.jpg
23994000,로텐부르크,6,20231218,20231227,https://image.hanatour.com/usr/cms/resize/400_0/2017/12/07/10000/7f774a32-ba28-4ed0-8fb8-9cd75cbabe41.jpg
21196000,브르노,4,20210102,20210111,https://image.hanatour.com/usr/cms/resize/400_0/2019/10/22/10000/c06bffe7-6311-4833-b9a4-6c6cb872c1a6.jpg
8198000,빈,2,20230306,20230315,https://image.hanatour.com/usr/cms/resize/400_0/2017/12/14/10000/0abf356b-6c3d-4023-a4c8-af6140283f40.jpg
7898000,자그레브,2,20210104,20210113,https://image.hanatour.com/usr/cms/resize/400_0/2021/08/05/10000/eb56418b-812b-4f9d-afb2-ca1e56c75537.jpg
3999000,브르노,1,20220513,20220522,https://image.hanatour.com/usr/cms/resize/400_0/2019/10/22/10000/c06bffe7-6311-4833-b9a4-6c6cb872c1a6.jpg
16196000,멜크,4,20220316,20220325,https://image.hanatour.com/usr/cms/resize/400_0/2014/03/04/10000/bf00a750-6a57-4e8f-b2b4-455dc7e97272.jpg
16396000,빈,4,20210107,20210116,https://image.hanatour.com/usr/cms/resize/400_0/2017/12/14/10000/0abf356b-6c3d-4023-a4c8-af6140283f40.jpg
19745000,자그레브,5,20230315,20230324,https://image.hanatour.com/usr/cms/resize/400_0/2021/08/05/10000/eb56418b-812b-4f9d-afb2-ca1e56c75537.jpg
23994000,멜크,6,20231127,20231206,https://image.hanatour.com/usr/cms/resize/400_0/2014/03/04/10000/bf00a750-6a57-4e8f-b2b4-455dc7e97272.jpg
10197000,로텐부르크,3,20230223,20230307,https://image.hanatour.com/usr/cms/resize/400_0/2019/05/17/10000/6522f8a3-887d-4ab6-bda4-543b48e975fe.jpg
10198000,메테오라,2,20230722,20230801,https://image.hanatour.com/usr/cms/resize/400_0/2023/07/11/10000/34b6019e-5a93-490e-a761-793167eb4d99.jpg
7398000,코린토스,2,20221008,20221017,https://image.hanatour.com/usr/cms/resize/400_0/2023/07/11/10000/34b6019e-5a93-490e-a761-793167eb4d99.jpg
32394000,메테오라,6,20231115,20231125,https://image.hanatour.com/usr/cms/resize/400_0/2023/07/11/10000/34b6019e-5a93-490e-a761-793167eb4d99.jpg
37955200,델포이,4,20211114,20211123,https://image.hanatour.com/usr/cms/resize/400_0/2022/11/11/20000/c14cfe43-5ddb-4a75-ac4b-4e47a8845a57.jpg
21868800,코린토스,6,20220719,20220728,https://image.hanatour.com/usr/cms/resize/400_0/2016/02/19/10000/8a457678-776a-41f4-be2a-6457f82b52e0.jpg
9198000,아스완,2,20211017,20211026,https://image.hanatour.com/usr/cms/resize/400_0/2022/09/13/10000/4b71f45f-eace-4903-af1f-a7f7e140535c.jpg
12570000,와디럼,3,20210517,20210526,https://image.hanatour.com/usr/cms/resize/400_0/2019/07/25/10000/6df9a81a-5033-4c9d-b6e6-ec503d5aa585.jpg
5995000,아부다비,5,20220901,20220906,https://image.hanatour.com/usr/cms/resize/400_0/2020/11/18/10000/5ce02789-bd68-46f5-8c46-642765aef938.jpg
4190000,아부다비,1,20220820,20220826,https://image.hanatour.com/usr/cms/resize/400_0/2021/01/06/10000/c5474048-1d1d-4e32-828e-ba55f15341a8.jpg
18540000,아부다비,6,20210420,20210425,https://image.hanatour.com/usr/cms/resize/400_0/2020/11/18/10000/069a9322-552a-47c0-8587-132f64f42d4e.jpg
10140000,아부다비,6,20210807,20210812,https://image.hanatour.com/usr/cms/resize/400_0/2020/11/18/10000/b69d42df-e01e-441e-bb7c-1cb74f6ec502.jpg
27950000,오슬로,5,20231211,20231221,https://image.hanatour.com/usr/cms/resize/400_0/2022/11/15/10000/e96c3199-7b7f-4644-9d56-29b1094a5fc5.jpg
16760000,오덴세,4,20220114,20220123,https://image.hanatour.com/usr/cms/resize/400_0/2021/10/25/10000/854f9cb4-df74-43da-a46d-41b93365f5d1.jpg
7599000,오슬로,1,20230620,20230702,https://image.hanatour.com/usr/cms/resize/400_0/2019/09/26/10000/3aab5640-eb67-49ac-b0cd-f84e2cd6039f.jpg
4450000,오슬로,1,20211220,20220101,https://image.hanatour.com/usr/cms/resize/400_0/2020/03/12/10000/3170cc13-da3d-4070-b286-d5e3e35b0574.jpg
10160400,런던,1,20221014,20221031,https://image.hanatour.com/usr/cms/resize/400_0/2012/10/08/10000/39412713-528d-41be-9608-d8cf65dadad9.jpg
2396000,고르히-테렐지,4,20210418,20210421,https://image.hanatour.com/usr/cms/resize/400_0/2012/11/26/10000/76cc7eed-67eb-41f5-a62f-803b672711de.jpg
3114000,고르히-테렐지,6,20230511,20230514,https://image.hanatour.com/usr/cms/resize/400_0/2023/12/21/10000/887b7079-01fa-41f8-9ff8-17f6328e3621.jpg
4494000,고르히-테렐지,6,20231121,20231124,https://image.hanatour.com/usr/cms/resize/400_0/2021/08/06/10000/35a745b1-ade4-4caa-ba11-67f138019b6b.jpg
10254000,울란바토르,6,20220327,20220331,https://image.hanatour.com/usr/cms/resize/400_0/2020/01/03/10000/6e761c55-a490-4d8e-b8e8-9641cc3aea88.jpg
2798000,고르히-테렐지,2,20230225,20230301,https://image.hanatour.com/usr/cms/resize/400_0/2012/02/28/10000/0f927c1a-0b50-42aa-b28e-f4478a114d27.jpg
2745000,홍콩,5,20210820,20210824,https://image.hanatour.com/usr/cms/resize/400_0/2022/10/12/10000/2a3c5702-2f0e-4438-934e-0ce5e696deb7.jpg
4995000,마카오,5,20210921,20210925,https://image.hanatour.com/usr/cms/resize/400_0/2019/03/27/10000/d9f8630a-cc00-4db8-ad45-ac7900c076e6.jpg
5994000,마카오,6,20230810,20230814,https://image.hanatour.com/usr/cms/resize/400_0/2023/11/16/10000/661eacf4-b7e7-4912-9967-88777ed344c4.jpg
33000000,호놀룰루,2,20211123,20211130,https://image.hanatour.com/usr/cms/resize/400_0/2021/12/24/10000/92dcb0f6-ae7f-4285-b1c3-b619582c12f4.jfif
21980000,호놀룰루,2,20230501,20230511,https://image.hanatour.com/usr/cms/resize/400_0/2016/09/28/10000/64b238ee-7255-4739-a240-ca7c5250c233.jpg
16587000,힐로,3,20230810,20230817,https://image.hanatour.com/usr/cms/resize/400_0/2021/05/04/10000/d05fa03b-eac2-4a65-899b-73e67c9ec18c.jpg
77160000,호놀룰루,6,20230419,20230429,https://image.hanatour.com/usr/cms/resize/400_0/2015/10/19/10000/de20e9d6-1cb0-4201-a436-b6e9ac737b0a.jpg
30800000,호놀룰루,5,20230726,20230805,https://image.hanatour.com/usr/cms/resize/400_0/2016/09/28/10000/64b238ee-7255-4739-a240-ca7c5250c233.jpg
35994000,워싱턴,6,20230322,20230401,https://image.hanatour.com/usr/cms/resize/400_0/2021/05/17/10000/124d43a6-c15c-4504-ae14-18d630ca991f.jpg
6499000,워싱턴,1,20230328,20230407,https://image.hanatour.com/usr/cms/resize/400_0/2021/05/07/10000/eeaf83d9-7ccf-4eb9-9843-5a24bfbd4c24.jpg
21270600,캘거리,3,20230318,20230328,https://image.hanatour.com/usr/cms/resize/400_0/2024/02/29/10000/675a2ab4-08a2-4b25-8dfc-78015a9db740.jpg
25794000,워싱턴,6,20220202,20220212,https://image.hanatour.com/usr/cms/resize/400_0/2021/01/13/10000/e2727759-90e4-4bab-a92a-df569834f916.jpg
40234800,킹스톤,6,20211017,20211026,https://image.hanatour.com/usr/cms/resize/400_0/2023/10/04/10000/73f0c012-740e-4fce-b49b-d75b55fc4dde.JPG
5616200,페더럴웨이,1,20211224,20220105,https://image.hanatour.com/usr/cms/resize/400_0/2021/05/07/10000/d9ae483b-6e7e-43ca-a29c-4dc12f1b71c0.jpg
17000000,뉴욕,1,20230927,20231004,https://image.hanatour.com/usr/cms/resize/400_0/2019/11/13/10000/2bb2b83a-8d60-4565-be35-d4b176b1f0fe.jpg
4299000,워싱턴,1,20230306,20230316,https://image.hanatour.com/usr/cms/resize/400_0/2021/01/13/10000/e2727759-90e4-4bab-a92a-df569834f916.jpg
32495000,워싱턴,5,20220527,20220606,https://image.hanatour.com/usr/cms/resize/400_0/2021/05/07/10000/eeaf83d9-7ccf-4eb9-9843-5a24bfbd4c24.jpg
3799000,워싱턴,1,20220827,20220906,https://image.hanatour.com/usr/cms/resize/400_0/2021/05/11/10000/682d1d60-959b-46d0-85c0-e816e0efcf9b.jpg
3758000,시드니,2,20230113,20230120,https://image.hanatour.com/usr/cms/resize/400_0/2018/07/18/10000/e7b3799c-1c55-4130-8140-a9a467a312ed.jpg
10557000,멜버른,3,20230503,20230510,https://image.hanatour.com/usr/cms/resize/400_0/2016/03/29/10000/ccead4aa-bd97-47b9-8193-fcc87ec7bd26.jpg
2589000,골드코스트,1,20231228,20240104,https://image.hanatour.com/usr/cms/resize/400_0/2019/09/09/10000/049cb399-e510-47b5-bb93-9a138b7275e8.jpg
10797000,멜버른,3,20230421,20230430,https://image.hanatour.com/usr/cms/resize/400_0/2016/03/29/10000/6ad06566-42e4-4763-9d9e-31467f1f995e.jpg
10740000,시드니,6,20210514,20210520,https://image.hanatour.com/usr/cms/resize/400_0/2021/12/17/10000/5720c536-f2aa-4daf-8db6-1776a4ff2395.jpg
22995000,퀸스타운,5,20210820,20210829,https://image.hanatour.com/usr/cms/resize/400_0/2018/09/12/10000/9b8f39be-449b-4b0a-bec5-4027b7f199d2.jpg
15420000,크라이스트처치,3,20230420,20230430,https://image.hanatour.com/usr/cms/resize/400_0/2016/10/26/10000/5fa411d6-e7e5-447e-9caf-57366e6a244e.jpg
6580000,오클랜드,2,20210309,20210319,https://image.hanatour.com/usr/cms/resize/400_0/2018/07/27/10000/22d6cf85-8964-4a8f-9f83-db45b5e24ef2.jpg
54000000,오마라마,3,20210709,20210718,https://image.hanatour.com/usr/cms/resize/400_0/2021/07/28/10000/faa1d406-3b8a-4e46-b961-615e99d9f380.jpg
21000000,마운트쿡,1,20210717,20210726,https://image.hanatour.com/usr/cms/resize/400_0/2021/08/17/10000/f6cb243f-89e9-424b-9c44-67b1ce31315d.jpg
